Gender,Married,Dependents,Education,Self_Employed,ApplicantIncome,CoapplicantIncome,LoanAmount,Loan_Amount_Term,Credit_History,Loan_Status,Property_Area_Semiurban,Property_Area_Urban,Total_Income,Income_Loan_Ratio
1,0,0,1,0,5849,0,128,360,1,1,0,1,5849,45.6953125
1,1,1,1,0,4583,1508,128,360,1,0,0,0,6091,47.5859375
1,1,0,1,1,3000,0,66,360,1,1,0,1,3000,45.45454545454545
1,1,0,0,0,2583,2358,120,360,1,1,0,1,4941,41.175
1,0,0,1,0,6000,0,141,360,1,1,0,1,6000,42.5531914893617
1,1,2,1,1,5417,4196,267,360,1,1,0,1,9613,36.00374531835206
1,1,0,0,0,2333,1516,95,360,1,1,0,1,3849,40.51578947368421
1,1,3,1,0,3036,2504,158,360,0,0,1,0,5540,35.063291139240505
1,1,2,1,0,4006,1526,168,360,1,1,0,1,5532,32.92857142857143
1,1,1,1,0,12841,10968,349,360,1,0,1,0,23809,68.22063037249283
1,1,2,1,0,3200,700,70,360,1,1,0,1,3900,55.714285714285715
1,1,2,1,0,2500,1840,109,360,1,1,0,1,4340,39.81651376146789
1,1,2,1,0,3073,8106,200,360,1,1,0,1,11179,55.895
1,0,0,1,0,1853,2840,114,360,1,0,0,0,4693,41.166666666666664
1,1,2,1,0,1299,1086,17,120,1,1,0,1,2385,140.2941176470588
1,0,0,1,0,4950,0,125,360,1,1,0,1,4950,39.6
1,0,1,0,0,3596,0,100,240,1,1,0,1,3596,35.96
0,0,0,1,0,3510,0,76,360,0,0,0,1,3510,46.18421052631579
1,1,0,0,0,4887,0,133,360,1,0,0,0,4887,36.744360902255636
1,1,0,1,0,2600,3500,115,360,1,1,0,1,6100,53.04347826086956
1,1,0,0,0,7660,0,104,360,0,0,0,1,7660,73.65384615384616
1,1,1,1,0,5955,5625,315,360,1,1,0,1,11580,36.76190476190476
1,1,0,0,0,2600,1911,116,360,0,0,1,0,4511,38.88793103448276
1,1,2,0,0,3365,1917,112,360,0,0,0,0,5282,47.160714285714285
1,1,1,1,0,3717,2925,151,360,1,0,1,0,6642,43.98675496688742
1,1,0,1,1,9560,0,191,360,1,1,1,0,9560,50.05235602094241
1,1,0,1,0,2799,2253,122,360,1,1,1,0,5052,41.40983606557377
1,1,2,0,0,4226,1040,110,360,1,1,0,1,5266,47.872727272727275
1,0,0,0,0,1442,0,35,360,1,0,0,1,1442,41.2
0,0,2,1,0,3750,2083,120,360,1,1,1,0,5833,48.608333333333334
1,1,1,1,0,4166,3369,201,360,1,0,0,1,7535,37.48756218905473
1,0,0,1,0,3167,0,74,360,1,0,0,1,3167,42.7972972972973
1,0,1,1,1,4692,0,106,360,1,0,0,0,4692,44.264150943396224
1,1,0,1,0,3500,1667,114,360,1,1,1,0,5167,45.324561403508774
1,0,3,1,0,12500,3000,320,360,1,0,0,0,15500,48.4375
1,1,0,1,0,2275,2067,128,360,1,1,0,1,4342,33.921875
1,1,0,1,0,1828,1330,100,360,0,0,0,1,3158,31.58
0,1,0,1,0,3667,1459,144,360,1,1,1,0,5126,35.59722222222222
1,0,0,1,0,4166,7210,184,360,1,1,0,1,11376,61.82608695652174
1,0,0,0,0,3748,1668,110,360,1,1,1,0,5416,49.236363636363635
1,0,0,1,0,3600,0,80,360,1,0,0,1,3600,45.0
1,0,0,1,0,1800,1213,47,360,1,1,0,1,3013,64.1063829787234
1,1,0,1,0,2400,0,75,360,1,1,0,1,2400,32.0
1,1,0,1,0,3941,2336,134,360,1,1,1,0,6277,46.843283582089555
1,1,0,0,1,4695,0,96,360,1,1,0,1,4695,48.90625
0,0,0,1,0,3410,0,88,360,1,1,0,1,3410,38.75
1,1,1,1,0,5649,0,44,360,1,1,0,1,5649,128.38636363636363
1,1,0,1,0,5821,0,144,360,1,1,0,1,5821,40.423611111111114
0,1,0,1,0,2645,3440,120,360,0,0,0,1,6085,50.708333333333336
0,0,0,1,0,4000,2275,144,360,1,1,1,0,6275,43.576388888888886
0,1,0,0,0,1928,1644,100,360,1,1,1,0,3572,35.72
0,0,0,1,0,3086,0,120,360,1,1,1,0,3086,25.716666666666665
0,0,0,1,0,4230,0,112,360,1,0,1,0,4230,37.767857142857146
1,1,2,1,0,4616,0,134,360,1,0,0,1,4616,34.44776119402985
0,1,1,1,1,11500,0,286,360,0,0,0,1,11500,40.20979020979021
1,1,2,1,0,2708,1167,97,360,1,1,1,0,3875,39.94845360824742
1,1,0,1,0,2132,1591,96,360,1,1,1,0,3723,38.78125
1,1,0,1,0,3366,2200,135,360,1,0,0,0,5566,41.22962962962963
1,1,1,1,0,8080,2250,180,360,1,1,0,1,10330,57.388888888888886
1,1,2,0,0,3357,2859,144,360,1,1,0,1,6216,43.166666666666664
1,1,0,1,0,2500,3796,120,360,1,1,0,1,6296,52.46666666666667
1,1,3,1,0,3029,0,99,360,1,1,0,1,3029,30.595959595959595
1,1,0,0,1,2609,3449,165,180,0,0,0,0,6058,36.71515151515152
1,1,1,1,0,4945,0,128,360,0,0,0,0,4945,38.6328125
0,0,0,1,0,4166,0,116,360,0,0,1,0,4166,35.91379310344828
1,1,0,1,0,5726,4595,258,360,1,0,1,0,10321,40.00387596899225
1,0,0,0,0,3200,2254,126,180,0,0,0,1,5454,43.285714285714285
1,1,1,1,0,10750,0,312,360,1,1,0,1,10750,34.455128205128204
1,1,3,0,1,7100,0,125,60,1,1,0,1,7100,56.8
0,0,0,1,0,4300,0,136,360,0,0,1,0,4300,31.61764705882353
1,1,0,1,0,3208,3066,172,360,1,1,0,1,6274,36.47674418604651
1,1,2,0,1,1875,1875,97,360,1,1,1,0,3750,38.65979381443299
1,0,0,1,0,3500,0,81,300,1,1,1,0,3500,43.20987654320987
1,1,3,0,0,4755,0,95,360,0,0,1,0,4755,50.05263157894737
1,1,3,1,1,5266,1774,187,360,1,1,1,0,7040,37.64705882352941
1,0,0,1,0,3750,0,113,480,1,0,0,1,3750,33.1858407079646
1,0,0,1,0,3750,4750,176,360,1,0,0,1,8500,48.29545454545455
1,1,1,1,1,1000,3022,110,360,1,0,0,1,4022,36.56363636363636
1,1,3,1,0,3167,4000,180,300,0,0,1,0,7167,39.81666666666667
1,1,3,0,1,3333,2166,130,360,1,1,1,0,5499,42.3
0,0,0,1,0,3846,0,111,360,1,1,1,0,3846,34.648648648648646
1,1,1,1,1,2395,0,128,360,1,1,1,0,2395,18.7109375
0,1,2,1,0,1378,1881,167,360,1,0,0,1,3259,19.51497005988024
1,1,0,1,0,6000,2250,265,360,1,0,1,0,8250,31.132075471698112
1,1,1,1,0,3988,0,50,240,1,1,0,1,3988,79.76
1,0,0,1,0,2366,2531,136,360,1,1,1,0,4897,36.00735294117647
1,1,2,0,0,3333,2000,99,360,1,1,1,0,5333,53.86868686868687
1,1,0,1,0,2500,2118,104,360,1,1,1,0,4618,44.40384615384615
1,0,0,1,0,8566,0,210,360,1,1,0,1,8566,40.79047619047619
1,1,0,1,0,5695,4167,175,360,1,1,1,0,9862,56.354285714285716
1,1,0,1,0,2958,2900,131,360,1,1,1,0,5858,44.717557251908396
1,1,2,1,0,6250,5654,188,180,1,1,1,0,11904,63.319148936170215
1,1,2,0,0,3273,1820,81,360,1,1,0,1,5093,62.876543209876544
1,0,0,1,0,4133,0,122,360,1,1,1,0,4133,33.877049180327866
1,0,0,0,0,3620,0,25,120,1,1,1,0,3620,144.8
1,0,0,1,0,6782,0,128,360,1,0,0,1,6782,52.984375
0,1,0,1,0,2484,2302,137,360,1,1,1,0,4786,34.934306569343065
1,1,0,1,0,1977,997,50,360,1,1,1,0,2974,59.48
1,1,0,0,0,4188,0,115,180,1,1,1,0,4188,36.417391304347824
1,1,0,1,0,1759,3541,131,360,1,1,1,0,5300,40.458015267175576
1,1,2,0,0,4288,3263,133,180,1,1,0,1,7551,56.774436090225564
1,0,0,1,0,4843,3806,151,360,1,1,1,0,8649,57.27814569536424
1,1,0,1,0,13650,0,128,360,1,1,0,1,13650,106.640625
1,1,0,1,0,4652,3583,128,360,1,1,1,0,8235,64.3359375
1,1,0,1,0,3816,754,160,360,1,1,0,1,4570,28.5625
1,1,1,1,0,3052,1030,100,360,1,1,0,1,4082,40.82
1,1,2,1,0,11417,1126,225,360,1,1,0,1,12543,55.74666666666667
1,0,0,0,0,7333,0,120,360,1,0,0,0,7333,61.108333333333334
1,1,2,1,0,3800,3600,216,360,0,0,0,1,7400,34.25925925925926
1,1,3,0,0,2071,754,94,480,1,1,1,0,2825,30.0531914893617
1,0,0,1,0,5316,0,136,360,1,1,0,1,5316,39.088235294117645
0,1,0,1,0,2929,2333,139,360,1,1,1,0,5262,37.856115107913666
1,1,0,0,0,3572,4114,152,360,0,0,0,0,7686,50.56578947368421
0,0,1,1,1,7451,0,128,360,1,1,1,0,7451,58.2109375
1,0,0,1,0,5050,0,118,360,1,1,1,0,5050,42.79661016949152
1,1,1,1,0,14583,0,185,180,1,1,0,0,14583,78.82702702702703
0,1,0,1,0,3167,2283,154,360,1,1,1,0,5450,35.38961038961039
1,1,1,1,0,2214,1398,85,360,1,1,0,1,3612,42.49411764705882
1,1,0,1,0,5568,2142,175,360,1,0,0,0,7710,44.05714285714286
0,0,0,1,0,10408,0,259,360,1,1,0,1,10408,40.18532818532819
1,1,0,1,0,5667,2667,180,360,1,1,0,0,8334,46.3
0,0,0,1,0,4166,0,44,360,1,1,1,0,4166,94.68181818181819
0,0,0,1,0,2137,8980,137,360,0,1,1,0,11117,81.14598540145985
1,1,2,1,0,2957,0,81,360,1,1,1,0,2957,36.50617283950617
1,1,0,0,0,4300,2014,194,360,1,1,0,0,6314,32.54639175257732
0,0,0,1,0,3692,0,93,360,1,1,0,0,3692,39.69892473118279
1,1,3,1,0,23803,0,370,360,1,1,0,0,23803,64.33243243243243
1,0,0,1,0,3865,1640,128,360,1,1,0,0,5505,43.0078125
1,1,1,1,1,10513,3850,160,180,0,0,0,1,14363,89.76875
1,1,0,1,0,6080,2569,182,360,1,0,0,0,8649,47.52197802197802
1,0,0,1,1,20166,0,650,480,1,1,0,1,20166,31.024615384615384
1,0,0,1,0,2014,1929,74,360,1,1,0,1,3943,53.28378378378378
1,0,0,1,0,2718,0,70,360,1,1,1,0,2718,38.82857142857143
1,1,0,1,1,3459,0,25,120,1,1,1,0,3459,138.36
1,0,0,1,0,4895,0,102,360,1,1,1,0,4895,47.990196078431374
1,1,3,1,0,4000,7750,290,360,1,0,1,0,11750,40.51724137931034
0,1,0,1,0,4583,0,84,360,1,0,0,0,4583,54.55952380952381
1,1,2,1,1,3316,3500,88,360,1,1,0,1,6816,77.45454545454545
1,0,0,1,0,14999,0,242,360,0,0,1,0,14999,61.97933884297521
1,1,2,0,0,4200,1430,129,360,1,0,0,0,5630,43.64341085271318
1,1,2,1,0,5042,2083,185,360,1,0,0,0,7125,38.513513513513516
1,0,0,1,0,5417,0,168,360,1,1,0,1,5417,32.24404761904762
1,0,0,1,1,6950,0,175,180,1,1,1,0,6950,39.714285714285715
1,1,0,1,0,2698,2034,122,360,1,1,1,0,4732,38.78688524590164
1,1,2,1,0,11757,0,187,180,1,1,0,1,11757,62.8716577540107
0,1,0,1,0,2330,4486,100,360,1,1,1,0,6816,68.16
0,1,2,1,0,14866,0,70,360,1,1,0,1,14866,212.37142857142857
1,1,1,1,0,1538,1425,30,360,1,1,0,1,2963,98.76666666666667
0,0,0,1,0,10000,1666,225,360,1,0,0,0,11666,51.84888888888889
1,1,0,1,0,4860,830,125,360,1,1,1,0,5690,45.52
1,0,0,1,0,6277,0,118,360,0,0,0,0,6277,53.19491525423729
1,1,0,1,1,2577,3750,152,360,1,1,0,0,6327,41.625
1,0,0,1,0,9166,0,244,360,1,0,0,1,9166,37.5655737704918
1,1,2,0,0,2281,0,113,360,1,0,0,0,2281,20.1858407079646
1,0,0,1,0,3254,0,50,360,1,1,0,1,3254,65.08
1,1,3,1,0,39999,0,600,180,0,1,1,0,39999,66.665
1,1,1,1,0,6000,0,160,360,1,1,0,0,6000,37.5
1,1,1,1,0,9538,0,187,360,1,1,0,1,9538,51.00534759358289
1,0,0,1,0,2980,2083,120,360,1,1,0,0,5063,42.19166666666667
1,1,0,1,0,4583,5625,255,360,1,1,1,0,10208,40.03137254901961
1,1,0,0,0,1863,1041,98,360,1,1,1,0,2904,29.632653061224488
1,1,0,1,0,7933,0,275,360,1,0,0,1,7933,28.847272727272728
1,1,1,1,0,3089,1280,121,360,0,0,1,0,4369,36.107438016528924
1,1,2,1,0,4167,1447,158,360,1,1,0,0,5614,35.53164556962025
1,1,0,1,0,9323,0,75,180,1,1,0,1,9323,124.30666666666667
1,1,0,1,0,3707,3166,182,360,1,1,0,0,6873,37.76373626373626
0,1,0,1,0,4583,0,112,360,1,0,0,0,4583,40.919642857142854
1,1,0,1,0,2439,3333,129,360,1,1,0,0,5772,44.74418604651163
1,0,0,1,0,2237,0,63,480,0,0,1,0,2237,35.507936507936506
1,1,2,1,0,8000,0,200,360,1,1,1,0,8000,40.0
1,1,0,0,0,1820,1769,95,360,1,1,0,0,3589,37.77894736842105
1,1,3,1,0,51763,0,700,300,1,1,0,1,51763,73.94714285714285
1,1,3,0,0,3522,0,81,180,1,0,0,0,3522,43.48148148148148
1,1,0,1,0,5708,5625,187,360,1,1,1,0,11333,60.60427807486631
1,1,0,0,1,4344,736,87,360,1,0,1,0,5080,58.39080459770115
1,1,0,1,0,3497,1964,116,360,1,1,0,0,5461,47.077586206896555
1,1,2,1,0,2045,1619,101,360,1,1,0,0,3664,36.277227722772274
1,1,3,1,0,5516,11300,495,360,0,0,1,0,16816,33.971717171717174
1,1,1,1,0,3750,0,116,360,1,1,1,0,3750,32.327586206896555
1,0,0,0,0,2333,1451,102,480,0,0,0,1,3784,37.09803921568628
1,1,1,1,0,6400,7250,180,360,0,0,0,1,13650,75.83333333333333
1,0,0,1,0,1916,5063,67,360,1,0,0,0,6979,104.16417910447761
1,1,0,1,0,4600,0,73,180,1,1,1,0,4600,63.013698630136986
1,1,1,1,0,33846,0,260,360,1,0,1,0,33846,130.1769230769231
0,1,0,1,0,3625,0,108,360,1,1,1,0,3625,33.56481481481482
1,1,0,1,1,39147,4750,120,360,1,1,1,0,43897,365.80833333333334
1,1,1,1,1,2178,0,66,300,0,0,0,0,2178,33.0
1,1,0,1,0,2383,2138,58,360,1,1,0,0,4521,77.94827586206897
1,1,0,1,1,674,5296,168,360,1,1,0,0,5970,35.535714285714285
1,1,0,1,0,9328,0,188,180,1,1,0,0,9328,49.61702127659574
1,0,0,0,0,4885,0,48,360,1,1,0,0,4885,101.77083333333333
1,0,0,1,0,12000,0,164,360,1,0,1,0,12000,73.17073170731707
1,1,0,0,0,6033,0,160,360,1,0,0,1,6033,37.70625
1,0,0,1,0,3858,0,76,360,1,1,1,0,3858,50.76315789473684
1,0,0,1,0,4191,0,120,360,1,1,0,0,4191,34.925
1,1,1,1,0,3125,2583,170,360,1,0,1,0,5708,33.576470588235296
1,0,0,1,0,8333,3750,187,360,1,1,0,0,12083,64.61497326203208
0,0,0,0,0,1907,2365,120,360,1,1,0,1,4272,35.6
0,1,0,1,0,3416,2816,113,360,1,1,1,0,6232,55.150442477876105
1,0,0,1,1,11000,0,83,360,1,0,0,1,11000,132.53012048192772
1,1,1,0,0,2600,2500,90,360,1,1,1,0,5100,56.666666666666664
1,0,2,1,0,4923,0,166,360,0,1,1,0,4923,29.656626506024097
1,1,3,0,0,3992,0,128,180,1,0,0,1,3992,31.1875
1,1,1,0,0,3500,1083,135,360,1,1,0,1,4583,33.94814814814815
1,1,2,0,0,3917,0,124,360,1,1,1,0,3917,31.588709677419356
0,0,0,0,0,4408,0,120,360,1,1,1,0,4408,36.733333333333334
0,0,0,1,0,3244,0,80,360,1,1,0,1,3244,40.55
1,0,0,0,0,3975,2531,55,360,1,1,0,0,6506,118.2909090909091
1,0,0,1,0,2479,0,59,360,1,1,0,1,2479,42.016949152542374
1,0,0,1,0,3418,0,127,360,1,0,1,0,3418,26.913385826771652
0,0,0,1,0,10000,0,214,360,1,0,1,0,10000,46.728971962616825
1,1,3,1,0,3430,1250,128,360,0,0,1,0,4680,36.5625
1,1,1,1,1,7787,0,240,360,1,1,0,1,7787,32.44583333333333
1,1,3,0,1,5703,0,130,360,1,1,0,0,5703,43.86923076923077
1,1,0,1,0,3173,3021,137,360,1,1,0,1,6194,45.21167883211679
1,1,3,0,0,3850,983,100,360,1,1,1,0,4833,48.33
1,1,0,1,0,150,1800,135,360,1,0,0,0,1950,14.444444444444445
1,1,0,1,0,3727,1775,131,360,1,1,1,0,5502,42.0
1,1,2,1,0,5000,0,72,360,0,0,1,0,5000,69.44444444444444
0,1,2,1,0,4283,2383,127,360,1,1,1,0,6666,52.488188976377955
1,1,0,1,0,2221,0,60,360,0,0,0,1,2221,37.016666666666666
1,1,2,1,0,4009,1717,116,360,1,1,1,0,5726,49.36206896551724
1,0,0,1,0,2971,2791,144,360,1,1,1,0,5762,40.013888888888886
1,1,0,1,0,7578,1010,175,360,1,1,1,0,8588,49.074285714285715
1,1,0,1,0,6250,0,128,360,1,1,1,0,6250,48.828125
1,1,0,1,0,3250,0,170,360,1,0,0,0,3250,19.11764705882353
1,1,0,0,1,4735,0,138,360,1,0,0,1,4735,34.31159420289855
1,1,2,1,0,6250,1695,210,360,1,1,1,0,7945,37.833333333333336
1,1,0,1,0,4758,0,158,480,1,1,1,0,4758,30.11392405063291
1,0,0,1,1,6400,0,200,360,1,1,0,0,6400,32.0
1,1,1,1,0,2491,2054,104,360,1,1,1,0,4545,43.70192307692308
1,1,0,1,0,3716,0,42,180,1,1,0,0,3716,88.47619047619048
1,0,0,0,0,3189,2598,120,360,1,1,0,0,5787,48.225
0,0,0,1,0,8333,0,280,360,1,1,1,0,8333,29.760714285714286
1,1,1,1,0,3155,1779,140,360,1,1,1,0,4934,35.24285714285714
1,1,1,1,0,5500,1260,170,360,1,1,0,0,6760,39.76470588235294
1,1,0,1,0,5746,0,255,360,1,0,0,1,5746,22.533333333333335
0,0,0,1,1,3463,0,122,360,1,1,0,1,3463,28.385245901639344
0,0,1,1,0,3812,0,112,360,1,1,0,0,3812,34.035714285714285
1,1,1,1,0,3315,0,96,360,1,1,1,0,3315,34.53125
1,1,2,1,0,5819,5000,120,360,1,1,0,0,10819,90.15833333333333
1,1,1,0,0,2510,1983,140,180,1,0,0,1,4493,32.09285714285714
1,0,0,1,0,2965,5701,155,60,1,1,0,1,8666,55.909677419354836
1,1,2,1,1,6250,1300,108,360,1,1,0,0,7550,69.9074074074074
1,1,0,0,0,3406,4417,123,360,1,1,1,0,7823,63.60162601626016
1,0,0,1,1,6050,4333,120,180,1,0,0,1,10383,86.525
1,1,2,1,0,9703,0,112,360,1,1,0,1,9703,86.63392857142857
1,1,1,0,0,6608,0,137,180,1,1,0,1,6608,48.23357664233577
1,1,1,1,0,2882,1843,123,480,1,1,1,0,4725,38.41463414634146
1,1,0,1,0,1809,1868,90,360,1,1,0,1,3677,40.855555555555554
1,1,0,0,0,1668,3890,201,360,0,0,1,0,5558,27.65174129353234
0,0,2,1,0,3427,0,138,360,1,0,0,1,3427,24.833333333333332
1,0,0,0,1,2583,2167,104,360,1,1,0,0,4750,45.67307692307692
1,1,1,0,0,2661,7101,279,180,1,1,1,0,9762,34.98924731182796
1,0,0,1,1,16250,0,192,360,0,0,0,1,16250,84.63541666666667
0,0,3,1,0,3083,0,255,360,1,1,0,0,3083,12.090196078431372
1,0,0,0,0,6045,0,115,360,0,0,0,0,6045,52.56521739130435
1,1,3,1,0,5250,0,94,360,1,0,0,1,5250,55.851063829787236
1,1,0,1,0,14683,2100,304,360,1,0,0,0,16783,55.20723684210526
1,1,3,0,0,4931,0,128,360,1,0,1,0,4931,38.5234375
1,1,1,1,0,6083,4250,330,360,1,1,0,1,10333,31.312121212121212
1,0,0,1,0,2060,2209,134,360,1,1,1,0,4269,31.85820895522388
0,0,1,1,0,3481,0,155,36,1,0,1,0,3481,22.45806451612903
0,0,0,1,0,7200,0,120,360,1,1,0,0,7200,60.0
1,0,0,1,1,5166,0,128,360,1,1,1,0,5166,40.359375
1,0,0,1,0,4095,3447,151,360,1,1,0,0,7542,49.94701986754967
1,1,2,1,0,4708,1387,150,360,1,1,1,0,6095,40.63333333333333
1,1,3,1,0,4333,1811,160,360,0,1,0,1,6144,38.4
0,0,0,1,0,3418,0,135,360,1,0,0,0,3418,25.31851851851852
0,0,1,1,0,2876,1560,90,360,1,1,0,1,4436,49.28888888888889
0,0,0,1,0,3237,0,30,360,1,1,0,1,3237,107.9
1,1,0,1,0,11146,0,136,360,1,1,0,1,11146,81.95588235294117
1,0,0,1,0,2833,1857,126,360,1,1,0,0,4690,37.22222222222222
1,1,0,1,0,2620,2223,150,360,1,1,1,0,4843,32.28666666666667
1,1,2,1,0,3900,0,90,360,1,1,1,0,3900,43.333333333333336
1,1,1,1,0,2750,1842,115,360,1,1,1,0,4592,39.93043478260869
1,1,0,1,0,3993,3274,207,360,1,1,1,0,7267,35.106280193236714
1,1,0,1,0,3103,1300,80,360,1,1,0,1,4403,55.0375
1,1,0,1,0,14583,0,436,360,1,1,1,0,14583,33.44724770642202
0,1,0,0,0,4100,0,124,360,1,1,0,0,4100,33.064516129032256
1,0,1,0,1,4053,2426,158,360,0,0,0,1,6479,41.00632911392405
1,1,0,1,0,3927,800,112,360,1,1,1,0,4727,42.205357142857146
1,1,2,1,0,2301,985,78,180,1,1,0,1,3286,42.12820512820513
0,0,0,1,0,1811,1666,54,360,1,1,0,1,3477,64.38888888888889
1,1,0,1,0,20667,0,128,360,1,0,0,0,20667,161.4609375
1,0,0,1,0,3158,3053,89,360,1,1,0,0,6211,69.78651685393258
0,0,0,1,1,2600,1717,99,300,1,0,1,0,4317,43.60606060606061
1,1,0,1,0,3704,2000,120,360,1,1,0,0,5704,47.53333333333333
0,0,0,1,0,4124,0,115,360,1,1,1,0,4124,35.86086956521739
1,0,0,1,0,9508,0,187,360,1,1,0,0,9508,50.844919786096256
1,1,0,1,0,3075,2416,139,360,1,1,0,0,5491,39.50359712230216
1,1,2,1,0,4400,0,127,360,0,0,1,0,4400,34.645669291338585
1,1,2,1,0,3153,1560,134,360,1,1,0,1,4713,35.17164179104478
0,0,0,1,0,5417,0,143,480,0,0,0,1,5417,37.88111888111888
1,1,0,1,0,2383,3334,172,360,1,1,1,0,5717,33.23837209302326
1,1,3,1,0,4416,1250,110,360,1,1,0,1,5666,51.50909090909091
1,1,1,1,0,6875,0,200,360,1,1,1,0,6875,34.375
0,1,1,1,0,4666,0,135,360,1,1,0,1,4666,34.56296296296296
0,0,0,1,0,5000,2541,151,480,1,0,0,0,7541,49.94039735099338
1,1,1,1,0,2014,2925,113,360,1,0,0,1,4939,43.70796460176991
1,1,0,0,0,1800,2934,93,360,0,0,0,1,4734,50.903225806451616
1,1,0,0,0,2875,1750,105,360,1,1,1,0,4625,44.04761904761905
0,0,0,1,0,5000,0,132,360,1,1,0,0,5000,37.878787878787875
1,1,1,1,0,1625,1803,96,360,1,1,0,1,3428,35.708333333333336
1,0,0,1,0,4000,2500,140,360,1,1,0,0,6500,46.42857142857143
1,0,0,0,0,2000,0,128,360,1,0,0,1,2000,15.625
0,0,0,1,0,3762,1666,135,360,1,1,0,0,5428,40.20740740740741
0,0,0,1,0,2400,1863,104,360,0,0,0,1,4263,40.99038461538461
1,0,0,1,0,20233,0,480,360,1,0,0,0,20233,42.15208333333333
1,1,2,0,0,7667,0,185,360,1,1,0,0,7667,41.443243243243245
0,0,0,1,0,2917,0,84,360,1,1,1,0,2917,34.726190476190474
1,0,0,0,0,2927,2405,111,360,1,1,1,0,5332,48.03603603603604
0,0,0,1,0,2507,0,56,360,1,1,0,0,2507,44.767857142857146
1,1,2,1,1,5746,0,144,84,1,1,0,0,5746,39.90277777777778
1,1,0,1,0,2473,1843,159,360,1,0,0,0,4316,27.144654088050313
1,1,1,0,0,3399,1640,111,180,1,1,0,1,5039,45.3963963963964
1,1,2,1,0,3717,0,120,360,1,1,1,0,3717,30.975
1,1,0,1,0,2058,2134,88,360,1,1,0,1,4192,47.63636363636363
0,0,1,1,0,3541,0,112,360,1,1,1,0,3541,31.616071428571427
1,1,1,1,1,10000,0,155,360,1,0,0,0,10000,64.51612903225806
1,1,0,1,0,2400,2167,115,360,1,1,1,0,4567,39.71304347826087
1,1,3,1,0,4342,189,124,360,1,1,1,0,4531,36.54032258064516
1,1,2,0,0,3601,1590,128,360,1,1,0,0,5191,40.5546875
0,0,0,1,0,3166,2985,132,360,1,1,0,0,6151,46.59848484848485
1,1,3,1,0,15000,0,300,360,1,1,0,0,15000,50.0
1,1,1,1,1,8666,4983,376,360,0,0,0,0,13649,36.30053191489362
1,0,0,1,0,4917,0,130,360,0,1,0,0,4917,37.823076923076925
1,1,0,1,1,5818,2160,184,360,1,1,1,0,7978,43.358695652173914
0,1,0,1,0,4333,2451,110,360,1,0,0,1,6784,61.67272727272727
0,0,0,1,0,2500,0,67,360,1,1,0,1,2500,37.3134328358209
1,0,1,1,0,4384,1793,117,360,1,1,0,1,6177,52.794871794871796
1,0,0,1,0,2935,0,98,360,1,1,1,0,2935,29.948979591836736
1,0,0,1,0,2833,0,71,360,1,1,0,1,2833,39.901408450704224
1,1,0,1,0,63337,0,490,180,1,1,0,1,63337,129.25918367346938
1,1,1,1,1,9833,1833,182,180,1,1,0,1,11666,64.0989010989011
1,1,0,1,1,5503,4490,70,360,1,1,1,0,9993,142.75714285714287
1,1,1,1,0,5250,688,160,360,1,1,0,0,5938,37.1125
1,1,2,1,1,2500,4600,176,360,1,1,0,0,7100,40.34090909090909
0,0,3,0,0,1830,0,128,360,0,0,0,1,1830,14.296875
0,0,0,1,0,4160,0,71,360,1,1,1,0,4160,58.59154929577465
1,1,3,0,0,2647,1587,173,360,1,0,0,0,4234,24.473988439306357
0,0,0,1,0,2378,0,46,360,1,0,0,0,2378,51.69565217391305
1,1,1,0,0,4554,1229,158,360,1,1,0,1,5783,36.60126582278481
1,1,3,0,0,3173,0,74,360,1,1,1,0,3173,42.87837837837838
1,1,2,1,0,2583,2330,125,360,1,1,0,0,4913,39.304
1,1,0,1,0,2499,2458,160,360,1,1,1,0,4957,30.98125
1,1,0,0,0,3523,3230,152,360,0,0,0,0,6753,44.42763157894737
1,1,2,0,0,3083,2168,126,360,1,1,0,1,5251,41.67460317460318
1,1,0,1,0,6333,4583,259,360,1,1,1,0,10916,42.14671814671814
1,1,0,1,0,2625,6250,187,360,1,1,0,0,8875,47.45989304812834
1,1,0,1,0,9083,0,228,360,1,1,1,0,9083,39.83771929824562
1,0,0,1,0,8750,4167,308,360,1,0,0,0,12917,41.938311688311686
1,1,3,1,0,2666,2083,95,360,1,1,0,0,4749,49.98947368421052
0,1,0,1,1,5500,0,105,360,0,0,0,0,5500,52.38095238095238
0,1,0,1,0,2423,505,130,360,1,1,1,0,2928,22.523076923076925
0,0,0,1,0,3813,0,116,180,1,1,0,1,3813,32.87068965517241
1,1,2,1,0,8333,3167,165,360,1,1,0,0,11500,69.6969696969697
1,1,1,1,0,3875,0,67,360,1,0,0,1,3875,57.83582089552239
1,1,0,0,0,3000,1666,100,480,0,0,0,1,4666,46.66
1,1,3,1,0,5167,3167,200,360,1,1,1,0,8334,41.67
0,0,1,1,0,4723,0,81,360,1,0,1,0,4723,58.30864197530864
1,1,2,1,0,5000,3667,236,360,1,1,1,0,8667,36.72457627118644
1,1,0,1,0,4750,2333,130,360,1,1,0,1,7083,54.48461538461538
1,1,0,1,0,3013,3033,95,300,1,1,0,1,6046,63.642105263157895
1,0,0,1,1,6822,0,141,360,1,1,0,0,6822,48.38297872340426
1,0,0,0,0,6216,0,133,360,1,0,0,0,6216,46.73684210526316
1,0,0,1,0,2500,0,96,480,1,0,1,0,2500,26.041666666666668
1,0,0,1,0,5124,0,124,360,0,0,0,0,5124,41.32258064516129
1,1,1,1,0,6325,0,175,360,1,1,1,0,6325,36.142857142857146
1,1,0,1,0,19730,5266,570,360,1,0,0,0,24996,43.85263157894737
0,0,0,1,1,15759,0,55,360,1,1,1,0,15759,286.5272727272727
1,1,2,1,0,5185,0,155,360,1,1,1,0,5185,33.45161290322581
1,1,2,1,1,9323,7873,380,300,1,1,0,0,17196,45.252631578947366
1,0,1,1,0,3062,1987,111,180,0,0,0,1,5049,45.486486486486484
0,0,0,1,0,2764,1459,110,360,1,1,0,1,4223,38.39090909090909
1,1,0,1,0,4817,923,120,180,1,1,0,1,5740,47.833333333333336
1,1,3,1,0,8750,4996,130,360,1,1,0,0,13746,105.73846153846154
1,1,0,1,0,4310,0,130,360,1,1,1,0,4310,33.15384615384615
1,0,0,1,0,3069,0,71,480,1,0,0,1,3069,43.225352112676056
1,1,2,1,0,5391,0,130,360,1,1,0,1,5391,41.46923076923077
1,1,0,1,0,3333,2500,128,360,1,1,1,0,5833,45.5703125
1,0,0,1,0,5941,4232,296,360,1,1,1,0,10173,34.36824324324324
0,0,0,1,0,6000,0,156,360,1,1,0,1,6000,38.46153846153846
1,0,0,1,1,7167,0,128,360,1,1,0,1,7167,55.9921875
1,1,2,1,0,4566,0,100,360,1,0,0,1,4566,45.66
1,0,1,1,0,3667,0,113,180,1,1,0,1,3667,32.45132743362832
1,0,0,0,0,2346,1600,132,360,1,1,1,0,3946,29.893939393939394
1,1,0,0,0,3010,3136,128,360,0,0,0,1,6146,48.015625
1,1,0,1,0,2333,2417,136,360,1,1,0,1,4750,34.9264705882353
1,1,0,1,0,5488,0,125,360,1,1,0,0,5488,43.904
1,0,3,1,0,9167,0,185,360,1,1,0,0,9167,49.55135135135135
1,1,3,1,0,9504,0,275,360,1,1,0,0,9504,34.56
1,1,0,1,0,2583,2115,120,360,1,1,0,1,4698,39.15
1,1,2,0,0,1993,1625,113,180,1,1,1,0,3618,32.017699115044245
1,1,2,1,0,3100,1400,113,360,1,1,0,1,4500,39.823008849557525
1,1,2,1,0,3276,484,135,360,1,1,1,0,3760,27.85185185185185
0,0,0,1,0,3180,0,71,360,0,0,0,1,3180,44.7887323943662
1,1,0,1,0,3033,1459,95,360,1,1,0,1,4492,47.28421052631579
1,0,0,0,0,3902,1666,109,360,1,1,0,0,5568,51.08256880733945
0,0,0,1,0,1500,1800,103,360,0,0,1,0,3300,32.03883495145631
1,1,2,0,0,2889,0,45,180,0,0,0,1,2889,64.2
1,0,0,0,0,2755,0,65,300,1,0,0,0,2755,42.38461538461539
1,0,0,1,0,2500,20000,103,360,1,1,1,0,22500,218.44660194174756
0,0,0,0,0,1963,0,53,360,1,1,1,0,1963,37.0377358490566
0,0,0,1,1,7441,0,194,360,1,0,0,0,7441,38.355670103092784
0,0,0,1,0,4547,0,115,360,1,1,1,0,4547,39.53913043478261
1,1,0,0,0,2167,2400,115,360,1,1,0,1,4567,39.71304347826087
0,0,0,0,0,2213,0,66,360,1,1,0,0,2213,33.53030303030303
1,1,1,1,0,8300,0,152,300,0,0,1,0,8300,54.60526315789474
1,1,3,1,0,81000,0,360,360,0,0,0,0,81000,225.0
0,0,1,0,1,3867,0,62,360,1,0,1,0,3867,62.37096774193548
1,1,0,1,0,6256,0,160,360,1,1,0,1,6256,39.1
1,1,0,0,0,6096,0,218,360,0,0,0,0,6096,27.96330275229358
1,1,0,0,0,2253,2033,110,360,1,1,0,0,4286,38.96363636363636
0,1,0,0,0,2149,3237,178,360,0,0,1,0,5386,30.258426966292134
0,0,0,1,0,2995,0,60,360,1,1,0,1,2995,49.916666666666664
0,0,1,1,0,2600,0,160,360,1,0,0,1,2600,16.25
1,1,2,1,1,1600,20000,239,360,1,0,0,1,21600,90.3765690376569
1,1,0,1,0,1025,2773,112,360,1,1,0,0,3798,33.910714285714285
1,1,0,1,0,3246,1417,138,360,1,1,1,0,4663,33.789855072463766
1,1,0,1,0,5829,0,138,360,1,1,0,0,5829,42.23913043478261
0,0,0,0,0,2720,0,80,360,0,0,0,1,2720,34.0
1,1,0,1,0,1820,1719,100,360,1,1,0,1,3539,35.39
1,1,1,1,0,7250,1667,110,360,0,0,0,1,8917,81.06363636363636
1,1,0,1,0,14880,0,96,360,1,1,1,0,14880,155.0
1,1,0,1,0,2666,4300,121,360,1,1,0,0,6966,57.570247933884296
0,0,1,0,0,4606,0,81,360,1,0,0,0,4606,56.864197530864196
1,1,2,1,0,5935,0,133,360,1,1,1,0,5935,44.62406015037594
1,1,0,1,0,2920,16,87,360,1,1,0,0,2936,33.747126436781606
1,0,0,0,0,2717,0,60,180,1,1,0,1,2717,45.28333333333333
0,0,1,1,1,8624,0,150,360,1,1,1,0,8624,57.49333333333333
1,0,0,1,0,6500,0,105,360,0,0,0,0,6500,61.904761904761905
1,0,0,1,0,12876,0,405,360,1,1,1,0,12876,31.79259259259259
1,1,0,1,0,2425,2340,143,360,1,1,1,0,4765,33.32167832167832
1,0,0,1,0,3750,0,100,360,1,1,0,1,3750,37.5
0,1,0,1,0,10047,0,128,240,1,1,1,0,10047,78.4921875
1,0,0,1,0,1926,1851,50,360,1,1,1,0,3777,75.54
1,1,0,1,0,2213,1125,128,360,1,1,0,1,3338,26.078125
1,0,0,1,1,10416,0,187,360,0,0,0,1,10416,55.70053475935829
0,1,0,0,1,7142,0,138,360,1,1,0,0,7142,51.7536231884058
1,0,0,1,0,3660,5064,187,360,1,1,1,0,8724,46.6524064171123
1,1,0,1,0,7901,1833,180,360,1,1,0,0,9734,54.077777777777776
1,0,3,0,0,4707,1993,148,360,1,1,1,0,6700,45.270270270270274
1,0,1,1,0,37719,0,152,360,1,1,1,0,37719,248.15131578947367
1,1,0,1,0,7333,8333,175,300,1,1,0,0,15666,89.52
1,1,1,1,1,3466,1210,130,360,1,1,0,0,4676,35.96923076923077
1,1,2,0,0,4652,0,110,360,1,1,0,0,4652,42.29090909090909
1,1,0,1,0,3539,1376,55,360,1,0,0,0,4915,89.36363636363636
1,1,2,1,0,3340,1710,150,360,0,0,0,0,5050,33.666666666666664
1,0,1,0,1,2769,1542,190,360,1,0,1,0,4311,22.689473684210526
1,1,2,0,0,2309,1255,125,360,0,0,0,0,3564,28.512
1,1,2,0,0,1958,1456,60,300,1,1,0,1,3414,56.9
1,1,0,1,0,3948,1733,149,360,0,0,0,0,5681,38.12751677852349
1,1,0,1,0,2483,2466,90,180,0,1,0,0,4949,54.98888888888889
1,0,0,1,1,7085,0,84,360,1,1,1,0,7085,84.3452380952381
1,1,2,1,0,3859,0,96,360,1,1,1,0,3859,40.197916666666664
1,1,0,1,0,4301,0,118,360,1,1,0,1,4301,36.44915254237288
1,1,0,1,0,3708,2569,173,360,1,0,0,1,6277,36.283236994219656
1,0,2,1,0,4354,0,136,360,1,1,0,0,4354,32.01470588235294
1,1,0,1,0,8334,0,160,360,1,0,1,0,8334,52.0875
1,1,0,1,1,2083,4083,160,360,1,1,1,0,6166,38.5375
1,1,3,1,0,7740,0,128,180,1,1,0,1,7740,60.46875
1,1,0,1,0,3015,2188,153,360,1,1,0,0,5203,34.00653594771242
0,0,1,0,0,5191,0,132,360,1,1,1,0,5191,39.32575757575758
1,0,0,1,0,4166,0,98,360,0,0,1,0,4166,42.51020408163265
1,0,0,1,0,6000,0,140,360,1,1,0,0,6000,42.857142857142854
1,1,3,0,0,2947,1664,70,180,0,0,0,1,4611,65.87142857142857
1,1,0,1,0,16692,0,110,360,1,1,1,0,16692,151.74545454545455
0,1,2,0,0,210,2917,98,360,1,1,1,0,3127,31.908163265306122
1,1,0,1,0,4333,2451,110,360,1,0,0,1,6784,61.67272727272727
1,1,1,1,1,3450,2079,162,360,1,1,1,0,5529,34.129629629629626
1,1,1,0,0,2653,1500,113,180,0,0,0,0,4153,36.75221238938053
1,1,3,1,0,4691,0,100,360,1,1,1,0,4691,46.91
0,0,0,1,1,2500,0,93,360,1,1,0,1,2500,26.881720430107528
1,0,2,1,0,5532,4648,162,360,1,1,0,0,10180,62.839506172839506
1,1,2,1,1,16525,1014,150,360,1,1,0,0,17539,116.92666666666666
1,1,2,1,0,6700,1750,230,300,1,1,1,0,8450,36.73913043478261
1,1,2,1,0,2873,1872,132,360,0,0,1,0,4745,35.946969696969695
1,1,1,1,1,16667,2250,86,360,1,1,1,0,18917,219.96511627906978
1,1,2,1,0,2947,1603,128,360,1,0,0,1,4550,35.546875
0,0,0,0,0,4350,0,154,360,1,1,0,0,4350,28.246753246753247
1,1,3,0,0,3095,0,113,360,1,1,0,0,3095,27.38938053097345
1,1,0,1,0,2083,3150,128,360,1,1,1,0,5233,40.8828125
1,1,0,1,0,10833,0,234,360,1,1,1,0,10833,46.294871794871796
1,1,2,1,0,8333,0,246,360,1,1,1,0,8333,33.8739837398374
1,1,1,0,0,1958,2436,131,360,1,1,0,0,4394,33.541984732824424
1,0,2,1,0,3547,0,80,360,0,0,0,0,3547,44.3375
1,1,1,1,0,18333,0,500,360,1,0,0,1,18333,36.666
1,1,2,1,1,4583,2083,160,360,1,1,1,0,6666,41.6625
1,0,0,1,0,2435,0,75,360,1,0,0,1,2435,32.46666666666667
1,0,0,0,0,2699,2785,96,360,1,1,1,0,5484,57.125
1,1,1,0,0,5333,1131,186,360,1,1,0,1,6464,34.75268817204301
1,0,0,0,0,3691,0,110,360,1,1,0,0,3691,33.554545454545455
0,0,0,0,1,17263,0,225,360,1,1,1,0,17263,76.72444444444444
1,1,0,1,0,3597,2157,119,360,0,0,0,0,5754,48.35294117647059
0,1,1,1,0,3326,913,105,84,1,1,1,0,4239,40.371428571428574
1,1,0,0,0,2600,1700,107,360,1,1,0,0,4300,40.18691588785047
1,1,0,1,0,4625,2857,111,12,1,1,0,1,7482,67.4054054054054
1,1,1,1,1,2895,0,95,360,1,1,1,0,2895,30.473684210526315
1,0,0,1,0,6283,4416,209,360,0,0,0,0,10699,51.19138755980861
0,0,0,1,0,645,3683,113,480,1,1,0,0,4328,38.30088495575221
0,0,0,1,0,3159,0,100,360,1,1,1,0,3159,31.59
1,1,2,1,0,4865,5624,208,360,1,1,1,0,10489,50.42788461538461
1,1,1,0,0,4050,5302,138,360,1,0,0,0,9352,67.76811594202898
1,1,0,0,0,3814,1483,124,300,1,1,1,0,5297,42.71774193548387
1,1,2,1,0,3510,4416,243,360,1,1,0,0,7926,32.617283950617285
1,1,0,1,0,20833,6667,480,360,1,1,0,1,27500,57.291666666666664
1,0,0,1,0,3583,0,96,360,1,0,0,1,3583,37.322916666666664
1,1,0,1,1,2479,3013,188,360,1,1,0,1,5492,29.21276595744681
0,0,1,1,0,13262,0,40,360,1,1,0,1,13262,331.55
1,0,0,0,0,3598,1287,100,360,1,0,0,0,4885,48.85
1,1,1,1,0,6065,2004,250,360,1,1,1,0,8069,32.276
1,1,2,1,0,3283,2035,148,360,1,1,0,1,5318,35.932432432432435
1,1,0,1,0,2130,6666,70,180,1,0,1,0,8796,125.65714285714286
1,0,0,1,0,5815,3666,311,360,1,0,0,0,9481,30.485530546623796
1,1,3,1,0,3466,3428,150,360,1,1,0,0,6894,45.96
0,1,2,1,0,2031,1632,113,480,1,1,1,0,3663,32.415929203539825
1,1,0,0,0,3074,1800,123,360,0,0,1,0,4874,39.6260162601626
1,0,0,1,0,4683,1915,185,360,1,0,1,0,6598,35.66486486486487
0,0,0,0,0,3400,0,95,360,1,0,0,0,3400,35.78947368421053
1,1,2,0,0,2192,1742,45,360,1,1,1,0,3934,87.42222222222222
1,0,0,1,0,2500,0,55,360,1,1,1,0,2500,45.45454545454545
1,1,3,1,1,5677,1424,100,360,1,1,0,0,7101,71.01
1,1,2,1,1,7948,7166,480,360,1,1,0,0,15114,31.4875
1,0,0,1,0,4680,2087,128,360,1,0,1,0,6767,52.8671875
1,1,2,1,1,17500,0,400,360,1,1,0,0,17500,43.75
1,1,0,1,0,3775,0,110,360,1,1,1,0,3775,34.31818181818182
1,1,1,0,0,5285,1430,161,360,0,1,1,0,6715,41.70807453416149
1,0,1,0,0,2679,1302,94,360,1,1,1,0,3981,42.351063829787236
1,0,0,0,0,6783,0,130,360,1,1,1,0,6783,52.176923076923075
1,1,0,1,0,1025,5500,216,360,1,1,0,0,6525,30.208333333333332
1,1,3,1,0,4281,0,100,360,1,1,0,1,4281,42.81
1,0,2,1,0,3588,0,110,360,0,0,0,0,3588,32.61818181818182
1,0,1,1,0,11250,0,196,360,1,0,1,0,11250,57.39795918367347
0,0,0,0,1,18165,0,125,360,1,1,0,1,18165,145.32
1,0,0,0,0,2550,2042,126,360,1,1,0,0,4592,36.44444444444444
1,1,0,1,0,6133,3906,324,360,1,1,0,1,10039,30.984567901234566
1,0,2,1,0,3617,0,107,360,1,1,1,0,3617,33.80373831775701
1,1,0,0,0,2917,536,66,360,1,0,0,0,3453,52.31818181818182
1,1,3,1,0,6417,0,157,180,1,1,0,0,6417,40.87261146496815
0,1,1,1,0,4608,2845,140,180,1,1,1,0,7453,53.23571428571429
0,0,0,1,0,2138,0,99,360,0,0,1,0,2138,21.595959595959595
0,0,1,1,0,3652,0,95,360,1,1,1,0,3652,38.44210526315789
1,1,1,0,0,2239,2524,128,360,1,1,0,1,4763,37.2109375
0,1,0,0,0,3017,663,102,360,1,1,1,0,3680,36.07843137254902
1,1,0,1,0,2768,1950,155,360,1,1,0,0,4718,30.438709677419354
1,0,0,0,0,3358,0,80,36,1,0,1,0,3358,41.975
1,0,0,1,0,2526,1783,145,360,1,1,0,0,4309,29.717241379310344
0,0,0,1,0,5000,0,103,360,0,0,1,0,5000,48.54368932038835
1,1,0,1,0,2785,2016,110,360,1,1,0,0,4801,43.64545454545455
1,1,2,1,1,6633,0,128,360,0,0,0,0,6633,51.8203125
1,1,1,0,0,2492,2375,128,360,1,1,0,0,4867,38.0234375
1,1,1,1,0,3333,3250,158,360,1,1,0,1,6583,41.664556962025316
1,1,0,0,0,2454,2333,181,360,0,0,0,1,4787,26.447513812154696
1,1,0,1,0,3593,4266,132,180,0,0,0,0,7859,59.53787878787879
1,1,1,1,0,5468,1032,26,360,1,1,1,0,6500,250.0
0,0,0,1,0,2667,1625,84,360,1,1,0,1,4292,51.095238095238095
1,1,3,1,1,10139,0,260,360,1,1,1,0,10139,38.996153846153845
1,1,0,1,0,3887,2669,162,360,1,1,1,0,6556,40.46913580246913
0,1,0,1,0,4180,2306,182,360,1,1,1,0,6486,35.637362637362635
1,1,2,0,0,3675,242,108,360,1,1,1,0,3917,36.26851851851852
0,1,1,1,1,19484,0,600,360,1,1,1,0,19484,32.473333333333336
1,1,0,1,0,5923,2054,211,360,1,1,0,0,7977,37.80568720379147
1,0,0,0,1,5800,0,132,360,1,1,1,0,5800,43.93939393939394
1,1,2,1,0,8799,0,258,360,0,0,0,1,8799,34.104651162790695
1,1,0,0,0,4467,0,120,360,1,1,0,0,4467,37.225
1,0,0,1,0,3333,0,70,360,1,1,0,1,3333,47.614285714285714
1,1,3,1,0,3400,2500,123,360,0,0,0,0,5900,47.96747967479675
0,0,0,1,0,2378,0,9,360,1,0,0,1,2378,264.22222222222223
1,1,0,1,0,3166,2064,104,360,0,0,0,1,5230,50.28846153846154
1,1,1,1,0,3417,1750,186,360,1,1,0,1,5167,27.77956989247312
1,1,0,1,0,5116,1451,165,360,0,0,0,1,6567,39.8
1,1,2,1,0,16666,0,275,360,1,1,0,1,16666,60.60363636363636
1,1,2,0,0,6125,1625,187,480,1,0,1,0,7750,41.44385026737968
1,1,3,1,0,6406,0,150,360,1,0,1,0,6406,42.70666666666666
1,1,2,1,0,3159,461,108,84,1,1,0,1,3620,33.51851851851852
1,1,0,1,0,3087,2210,136,360,0,0,1,0,5297,38.9485294117647
1,0,0,1,0,3229,2739,110,360,1,1,0,1,5968,54.25454545454546
1,1,1,1,0,1782,2232,107,360,1,1,0,0,4014,37.51401869158879
1,0,0,1,0,3182,2917,161,360,1,1,0,1,6099,37.88198757763975
1,1,2,1,0,6540,0,205,360,1,1,1,0,6540,31.902439024390244
1,0,0,1,0,1836,33837,90,360,1,0,0,1,35673,396.3666666666667
0,1,0,1,0,3166,0,36,360,1,1,1,0,3166,87.94444444444444
1,1,1,1,0,1880,0,61,360,1,0,0,0,1880,30.81967213114754
1,1,1,1,0,2787,1917,146,360,0,0,0,0,4704,32.21917808219178
1,1,1,1,0,4283,3000,172,84,1,0,0,0,7283,42.343023255813954
1,1,0,1,0,2297,1522,104,360,1,1,0,1,3819,36.72115384615385
0,0,0,0,0,2165,0,70,360,1,1,1,0,2165,30.928571428571427
1,0,0,1,0,4750,0,94,360,1,1,1,0,4750,50.53191489361702
1,1,2,1,1,2726,0,106,360,0,0,1,0,2726,25.71698113207547
1,1,0,1,0,3000,3416,56,180,1,1,1,0,6416,114.57142857142857
1,1,2,1,1,6000,0,205,240,1,0,1,0,6000,29.26829268292683
1,0,3,1,1,9357,0,292,360,1,1,1,0,9357,32.044520547945204
1,1,0,1,0,3859,3300,142,180,1,1,0,0,7159,50.41549295774648
1,1,0,1,1,16120,0,260,360,1,1,0,1,16120,62.0
1,0,0,0,0,3833,0,110,360,1,1,0,0,3833,34.845454545454544
1,1,2,0,1,6383,1000,187,360,1,0,0,0,7383,39.481283422459896
1,0,0,1,0,2987,0,88,360,0,0,1,0,2987,33.94318181818182
1,1,0,1,1,9963,0,180,360,1,1,0,0,9963,55.35
1,1,2,1,0,5780,0,192,360,1,1,0,1,5780,30.104166666666668
0,0,3,1,0,416,41667,350,180,1,0,0,1,42083,120.23714285714286
1,1,0,0,0,2894,2792,155,360,1,1,0,0,5686,36.68387096774194
1,1,3,1,0,5703,0,128,360,1,1,0,1,5703,44.5546875
1,0,0,1,0,3676,4301,172,360,1,1,0,0,7977,46.377906976744185
0,1,1,1,0,12000,0,496,360,1,1,1,0,12000,24.193548387096776
1,1,0,0,0,2400,3800,128,180,1,0,0,1,6200,48.4375
1,1,1,1,0,3400,2500,173,360,1,1,1,0,5900,34.104046242774565
1,1,2,0,0,3987,1411,157,360,1,1,0,0,5398,34.382165605095544
1,1,0,1,0,3232,1950,108,360,1,1,0,0,5182,47.98148148148148
0,0,0,1,0,2900,0,71,360,1,1,0,0,2900,40.84507042253521
1,1,3,1,0,4106,0,40,180,1,1,0,0,4106,102.65
1,1,1,1,0,8072,240,253,360,1,1,0,1,8312,32.85375494071146
1,1,2,1,0,7583,0,187,360,1,1,0,1,7583,40.55080213903744
0,0,0,1,1,4583,0,133,360,0,0,1,0,4583,34.45864661654135
